<?xml version="1.0" encoding="UTF-8"?>
<configuration>
    <appender name="ROLLING" class="ch.qos.logback.core.rolling.RollingFileAppender">
        <file>fsd.log</file>
        <rollingPolicy class="ch.qos.logback.core.rolling.SizeAndTimeBasedRollingPolicy">
            <fileNamePattern>logs/fsd-%d{yyyy-MM-dd}.%i.log</fileNamePattern>
            <maxFileSize>10MB</maxFileSize>    
            <maxHistory>10</maxHistory>
            <totalSizeCap>1GB</totalSizeCap>
        </rollingPolicy>
        <encoder>
            <pattern>%date %level [%file:%line] %m%n</pattern>
        </encoder>
    </appender>
    
    <appender name="stdout" class="ch.qos.logback.core.ConsoleAppender">
        <encoder>
            <pattern>[%d %p]%m%n</pattern>
        </encoder>
    </appender>
    <logger name="org.springframework" level="INFO" />
    <logger name="laidongs" level="DEBUG" />
    <root level="DEBUG">
        <appender-ref ref="ROLLING" />
        <appender-ref ref="stdout" />
    </root>
</configuration>