<?xml version="1.0" encoding="UTF-8"?>
<beans xmlns="http://www.springframework.org/schema/beans"
    xmlns:xsi="http://www.w3.org/2001/XMLSchema-instance"
    xsi:schemaLocation="http://www.springframework.org/schema/beans http://www.springframework.org/schema/beans/spring-beans.xsd">
    <bean id="captchaProducer"
        class="com.google.code.kaptcha.impl.DefaultKaptcha">
        <property name="config">
            <bean class="com.google.code.kaptcha.util.Config">
                <constructor-arg
                    type="java.util.Properties">
                    <props>
                        <prop key="kaptcha.border">no</prop>
                        <prop key="kaptcha.border.color">gray</prop>
                        <prop key="kaptcha.textproducer.font.color">black</prop>
                        <prop key="kaptcha.image.width">120</prop>
                        <prop key="kaptcha.image.height">50</prop>
                        <prop key="kaptcha.textproducer.font.size">27</prop>
                        <prop key="kaptcha.session.key">code</prop>
                        <prop
                            key="kaptcha.textproducer.char.length">4</prop>
                        <prop key="kaptcha.textproducer.font.names">微软雅黑</prop>
                        <prop
                            key="kaptcha.textproducer.char.string">23456789ABCEFGHJKMNPQRSTUVWXYZ</prop>
                        <prop key="kaptcha.obscurificator.impl">com.google.code.kaptcha.impl.WaterRipple
                        </prop>
                        <prop key="kaptcha.noise.color">black</prop>
                        <!-- <prop key="kaptcha.noise.impl">com.google.code.kaptcha.impl.NoNoise</prop> -->
                        <prop key="kaptcha.noise.impl">com.google.code.kaptcha.impl.DefaultNoise</prop>
                        <prop key="kaptcha.background.clear.from">200,200,200</prop>
                        <prop key="kaptcha.background.clear.to">white</prop>
                        <prop key="kaptcha.textproducer.char.space">3</prop>
                    </props>
                </constructor-arg>
            </bean>
        </property>
    </bean>
</beans>