<b:beans xmlns="http://www.springframework.org/schema/security"
         xmlns:b="http://www.springframework.org/schema/beans"
         xmlns:xsi="http://www.w3.org/2001/XMLSchema-instance"
         xsi:schemaLocation="http://www.springframework.org/schema/beans https://www.springframework.org/schema/beans/spring-beans.xsd
                        http://www.springframework.org/schema/security https://www.springframework.org/schema/security/spring-security.xsd">

    <b:bean id="passwordEncoder" class="org.springframework.security.crypto.password.NoOpPasswordEncoder" factory-method="getInstance"/>
    <b:bean id="kaptchaAuthenticationFilter" class="laidongs.lab05.config.KaptchaAuthenticationFilter">
      <b:constructor-arg index="0" value="/login" />
      <b:constructor-arg index="1" value="/login?error" />
      <b:property name="authenticationManager" ref="authenticationManager"></b:property>
    </b:bean>
 
    <http pattern="/assets/**" security="none"/>
 
    <http auto-config="true" use-expressions="true">
        <csrf disabled="true"/>
        <custom-filter ref="kaptchaAuthenticationFilter" before="FORM_LOGIN_FILTER"/>
        <intercept-url pattern="/user/**" access="hasRole('ROLE_USER')" />
        <intercept-url pattern="/admin/**" access="hasRole('ROLE_ADMIN')" />
        <form-login login-page="/login"/>
    </http>
    

    <authentication-manager id="authenticationManager">
        <authentication-provider user-service-ref="userService">
            <!-- <user-service>
                <user name="cyper" password="{noop}123456" authorities="ROLE_ADMIN" />
            </user-service> -->
            
            <password-encoder ref="passwordEncoder" />
            
            <!-- <jdbc-user-service 
                data-source-ref="dataSource" 
                users-by-username-query="select username, password, 'true' from tbl_user where username=?;"
                authorities-by-username-query="select username, 'ROLE_ADMIN' from tbl_user where username=?;"
            /> -->
            
        </authentication-provider>
    </authentication-manager>

</b:beans>