
{
  "courses": [
    {
      "id": 0,
      "title": "HTML5",
      "url": "http://clips.vorwaerts-gmbh.de/big_buck_bunny.mp4",
      "duration": "0:13",
      "approved": true
    },
    {
      "id": 1,
      "title": "CSS3",
      "url": "https://www.w3cschool.cn/statics/demosource/movie.mp4",
      "duration": "0:18",
      "approved": true
    },
    {
      "id": 2,
      "title": "Java",
      "url": "http://vjs.zencdn.net/v/oceans.mp4",
      "duration": "0:13",
      "approved": true
    },
    {
      "id": 3,
      "title": "Bootstrap4",
      "url": "https://www.w3cschool.cn/statics/demosource/movie.mp4",
      "duration": "0:18",
      "approved": true
    },
    {
      "id": 4,
      "title": "Javascript",
      "url": "http://vjs.zencdn.net/v/oceans.mp4",
      "duration": "0:13",
      "approved": false
    },
    {
      "id": 1562934446027,
      "title": "TEST",
      "url": "https://www.w3cschool.cn/statics/demosource/movie.mp4",
      "duration": "",
      "approved": true
    }
  ]
}